[
  {
    "from": "address - 1",
    "to": "address - 2",
    "login": "l1",
    "createdAt": "2024-02-11T22:00:00.158Z"
  },
  {
    "from": "address - 1",
    "to": "address - 2",
    "login": "l1",
    "createdAt": "2024-02-11T22:00:00.000Z"
  },
  {
    "from": "address - 1",
    "to": "address - 2",
    "login": "l1",
    "createdAt": "2024-02-12T00:00:00.000Z"
  },
  {
    "from": "address - 1",
    "to": "address - 2",
    "login": "l1",
    "createdAt": "2024-02-12T00:00:00.000Z"
  },
  {
    "from": "address - 1",
    "to": "address - 2",
    "login": "l1",
    "createdAt": "2024-02-13T00:00:00.000Z",
    "status": "Done",
    "id": "e1b6dcb8-74ff-4db2-b73c-b84d8906a35d"
  }
]